1,2026-03-27T21:32:36Z,2026-03-27T21:33:24Z,48,N/A (not a git repository),N/A,Copy tech stack profiles into workspace
2,2026-03-28T17:15:00Z,2026-03-28T17:28:32Z,812,turn/T2,da227ab,Scaffold Spring Boot backend from container-java-springboot profile
3,2026-03-28T18:52:07Z,2026-03-28T18:55:43Z,216,turn/T3,352a69b,Add root Makefile to launch tech stack implementations
4,2026-03-28T19:15:00Z,2026-03-28T19:27:34Z,754,turn/T4,13cc0b4,Implement container-typescript-nestjs tech stack
5,2026-03-28T19:30:00Z,2026-03-28T19:43:53Z,833,turn/T5,d46e0bd,Implement postgresql-service persistence tech stack
6,2026-03-28T20:15:00Z,2026-03-28T20:08:50Z,900,turn/T6,0033042,Implement container-python-fastapi__react-spa-container-nginx combined stack
7,2026-03-28T21:15:00Z,2026-03-28T21:20:00Z,300,turn/T7,a5d52f7,Create local Claude skill for listing tech-stack-profiles
9,2026-03-28T21:24:43Z,2026-03-28T21:25:20Z,37,turn/T9,19fc498,Add root AGENTS.md that loads local skills and defers to root instructions
13,2026-03-29T00:26:14Z,2026-03-29T03:27:28Z,10874,turn/T13,81ea988,Implement Next.js hybrid container UI with App Router and Docker deployment
14,2026-03-29T03:32:54Z,2026-03-29T03:48:20Z,926,turn/T14,pending,Export the Serverless Land pattern catalog to docs/aws-patterns.md
15,2026-03-29T08:04:54Z,2026-03-29T08:11:30Z,396,turn/T15,pending,Create pattern resource reference docs for Spring Boot NestJS and Next.js
16,2026-03-29T08:30:04Z,2026-03-29T08:32:59Z,176,turn/T16,pending,Add a Turbo monorepo tech stack profile for NestJS and Next.js
17,2026-03-29T08:33:50Z,2026-03-29T08:35:18Z,88,turn/T17,pending,Create enterprise observability tools reference doc
18,2026-03-29T19:03:01Z,2026-03-29T19:06:42Z,221,turn/T18,pending,Write AI Agentic Pipeline development lifecycle summary
